{"cameraMode":{"drawMode":0,"name":"Shaded","section":"Shading Mode"},"sceneLighting":true,"audioPlay":false,"sceneViewState":{"m_AlwaysRefresh":false,"showFog":true,"showSkybox":false,"showFlares":true,"showImageEffects":true,"showParticleSystems":true,"showVisualEffectGraphs":true,"m_FxEnabled":true},"in2DMode":false,"pivot":{"x":23.070716857910158,"y":3.4885621070861818,"z":67.96231842041016},"rotation":{"x":-0.10186721384525299,"y":-0.8892781734466553,"z":0.24181218445301057,"w":-0.37462368607521059},"size":5.863464832305908,"orthographic":false}