{"cameraMode":{"drawMode":0,"name":"Shaded","section":"Shading Mode"},"sceneLighting":true,"audioPlay":false,"sceneViewState":{"m_AlwaysRefresh":false,"showFog":true,"showSkybox":true,"showFlares":true,"showImageEffects":true,"showParticleSystems":true,"showVisualEffectGraphs":true,"m_FxEnabled":true},"in2DMode":false,"pivot":{"x":71.71705627441406,"y":130.29693603515626,"z":15.962050437927246},"rotation":{"x":0.37246087193489077,"y":0.032008253037929538,"z":-0.012855001725256443,"w":0.9274070858955383},"size":225.05877685546876,"orthographic":false}